image_rel,session,group,set_label,category,human_reject,assign_shift_px,assign_corr,drift_info_px,contrast_first,spine_drop,unc_dist_px,drift_df_px,drift_local_px
keep/20260623_1_pos1__highmag_1_set0.png,20260623,1_pos1__highmag_1_,0.0,9,False,1.7677669529663689,0.6044183321533665,5.300000000787231,2.1944444444444446,1.1518987341772151,0.0,0.36055512754639896,3.342154993413681
keep/20260623_1_pos1__highmag_1_set2.png,20260623,1_pos1__highmag_1_,2.0,9,False,1.0606601717798212,0.43662027236613377,2.236067975767149,2.4615384615384617,0.8125,0.0,0.316227766016838,0.447213595499958
keep/20260623_1_pos1__highmag_3_set0.png,20260623,1_pos1__highmag_3_,0.0,9,False,2.0615528128088303,0.5548617912736618,1.5524174959263901,3.0,1.0833333333333333,0.0,0.7615773105863908,0.223606797749979
keep/20260623_1_pos1__highmag_3_set1.png,20260623,1_pos1__highmag_3_,1.0,9,False,1.25,0.6364398477622524,8.287339744018135,0.75,1.0793650793650793,0.0,4.652956049652738,2.1
keep/20260623_1_pos1__highmag_3_set2.png,20260623,1_pos1__highmag_3_,2.0,9,False,0.7071067811865476,0.45305987304371015,4.060788107454536,1.2173913043478262,1.0267857142857142,0.0,1.4035668847618195,0.58309518948453
keep/20260623_1_pos1__highmag_4_set0.png,20260623,1_pos1__highmag_4_,0.0,9,False,0.7905694150420949,0.5463328262977278,3.8418746485786794,0.44841269841269843,1.1910699919549477,2.738600015640259,1.2041594578792296,1.4560219778561034
keep/20260623_1_pos1__highmag_4_set1.png,20260623,1_pos1__highmag_4_,1.0,9,False,1.6007810593582121,0.5908740054101139,5.731491977633623,5.0,0.65,0.9549999833106995,1.9000000000000004,0.2
keep/20260623_1_pos1__highmag_4_set2.png,20260623,1_pos1__highmag_4_,2.0,9,False,2.3717082451262845,0.48983866901455975,3.498571206417544,0.5,0.8076923076923077,0.0,1.6492422502470645,2.1377558326431947
keep/20260623_1_pos1__highmag_5_set0.png,20260623,1_pos1__highmag_5_,0.0,9,False,1.8027756377319946,0.8249380255866523,1.303840528698079,1.8,1.0222222222222221,3.2792999744415283,2.220360331117452,0.806225774829855
keep/20260623_1_pos1__highmag_5_set2.png,20260623,1_pos1__highmag_5_,2.0,9,False,1.9039432764659772,0.6966473362170709,3.512833710808268,1.0,0.6666666666666666,0.0,1.0440306508910548,0.9055385138137417
keep/20260623_1_pos1__highmag_6_set0.png,20260623,1_pos1__highmag_6_,0.0,9,False,2.0155644370746373,0.8319250122705562,3.4132096806743752,2.1451612903225805,0.8080200501253133,0.9549999833106995,1.7464249196572978,0.316227766016838
keep/20260623_1_pos1__highmag_6_set1.png,20260623,1_pos1__highmag_6_,1.0,9,False,2.3048861143232218,0.6827564047935867,0.42426407924864074,1.4,0.7417582417582419,0.0,0.31622776601683794,0.28284271247461906
keep/20260623_1_pos1__highmag_6_set2.png,20260623,1_pos1__highmag_6_,2.0,2,True,2.692582403567252,0.47157930075609966,1.0295630245194667,2.361111111111111,0.49411764705882355,13.531499862670898,2.23606797749979,0.4123105625617661
keep/20260623_1_pos1__highmag_7_set0.png,20260623,1_pos1__highmag_7_,0.0,9,False,1.8027756377319946,0.8056261977388737,1.6278820601591935,2.3333333333333335,0.9753694581280788,0.0,0.412310562561766,0.4123105625617661
keep/20260623_1_pos1__highmag_7_set1.png,20260623,1_pos1__highmag_7_,1.0,9,False,2.3717082451262845,0.5256309588615959,20.35779948035414,1.3333333333333333,1.078125,0.9549999833106995,11.2,5.913543776789007
keep/20260623_1_pos1__highmag_7_set2.png,20260623,1_pos1__highmag_7_,2.0,2,True,4.422951503238533,0.43702174351627093,37.56447797909418,0.9333333333333333,0.9033613445378151,25.820098876953125,15.463828762631849,5.79396237474839
keep/20260623_2_pos1__highmag_1_set0.png,20260623,2_pos1__highmag_1_,0.0,9,False,1.118033988749895,0.646126497999887,5.385164807134505,1.2222222222222223,0.9545454545454545,0.9549999833106995,3.132091952673165,0.4
keep/20260623_2_pos1__highmag_1_set1.png,20260623,2_pos1__highmag_1_,1.0,9,False,3.0413812651491097,0.5428523583152791,12.9247824625214,1.263157894736842,0.5480769230769231,1.3693000078201294,6.661080993352355,1.3038404810405297
keep/20260623_2_pos1__highmag_1_set2.png,20260623,2_pos1__highmag_1_,2.0,9,False,3.1622776601683795,0.3060707781815082,12.677539272050055,1.95,1.0955710955710956,0.0,8.864536084872123,2.220360331117452
keep/20260623_2_pos1__highmag_2_set0.png,20260623,2_pos1__highmag_2_,0.0,9,False,0.5,0.7322754837045586,1.0000000095367432,2.6666666666666665,0.8,0.0,1.3038404810405297,0.4
keep/20260623_2_pos1__highmag_3_set0.png,20260623,2_pos1__highmag_3_,0.0,9,False,1.25,0.7846429647824643,1.9026297620201575,2.4444444444444446,0.8636363636363635,1.3693000078201294,1.8027756377319948,0.447213595499958
keep/20260623_2_pos1__highmag_3_set1.png,20260623,2_pos1__highmag_3_,1.0,9,False,2.0615528128088303,0.6427560832125244,5.6044625103928,0.8823529411764706,0.7083333333333334,0.0,3.1144823004794877,0.7211102550927979
keep/20260623_2_pos1__highmag_3_set2.png,20260623,2_pos1__highmag_3_,2.0,9,False,2.3048861143232218,0.5145649587006665,4.949747522253799,1.2666666666666666,1.0714285714285716,0.9549999833106995,2.2,0.5099019513592785
keep/20260623_2_pos1__highmag_4_set0.png,20260623,2_pos1__highmag_4_,0.0,9,False,1.6770509831248424,0.7522790893234307,3.9319206003938385,1.1666666666666667,1.2857142857142856,0.0,1.711724276862369,0.5385164807134505
keep/20260623_2_pos1__highmag_4_set1.png,20260623,2_pos1__highmag_4_,1.0,9,False,2.5,0.5973309676989949,1.513274642110646,0.7156862745098039,1.197651663405088,0.9549999833106995,1.7117242768623688,0.9055385138137417
keep/20260623_2_pos1__highmag_5_set0.png,20260623,2_pos1__highmag_5_,0.0,9,False,3.010398644698074,0.739420405019098,1.5000000447034836,0.85,0.7894736842105263,0.0,2.3853720883753127,2.4041630560342613
keep/20260623_2_pos1__highmag_5_set1.png,20260623,2_pos1__highmag_5_,1.0,2,True,3.0516389039334255,0.5997841308131032,1.299999940395355,1.8571428571428572,1.0769230769230769,2.3243000507354736,1.1000000000000014,1.9026297590440449
keep/20260623_2_pos1__highmag_5_set2.png,20260623,2_pos1__highmag_5_,2.0,9,False,3.400367627183861,0.5256002671542945,1.1999999761581421,1.8681318681318682,0.8170278637770898,1.3693000078201294,1.8248287590894656,0.14142135623730953
keep/20260623_2_pos1__highmag_6_set0.png,20260623,2_pos1__highmag_6_,0.0,9,False,3.2015621187164243,0.6759082918472902,0.8062257805594657,1.6153846153846154,1.0974025974025974,0.9549999833106995,0.8062257748298548,0.14142135623730953
keep/20260623_2_pos1__highmag_6_set1.png,20260623,2_pos1__highmag_6_,1.0,9,False,5.350233639758174,0.527289662478981,1.2041594596116931,0.8823529411764706,0.6725274725274726,0.0,0.6403124237432848,0.2
keep/20260623_2_pos1__highmag_7_set0.png,20260623,2_pos1__highmag_7_,0.0,9,False,2.57390753524675,0.7669320663657413,0.42426407081927087,1.5,1.0,0.0,0.6403124237432849,0.6082762530298219
keep/20260623_2_pos1__highmag_7_set1.png,20260623,2_pos1__highmag_7_,1.0,9,False,1.118033988749895,0.6795786076914189,3.7054014627297804,1.7941176470588236,0.7773943054357204,0.0,1.6031219541881399,0.4
keep/20260623_2_pos1__highmag_7_set2.png,20260623,2_pos1__highmag_7_,2.0,9,False,1.5811388300841898,0.6564504412023843,1.5132745728864856,2.375,0.5726315789473685,0.0,0.5099019513592786,0.316227766016838
keep/20260623_3_pos1__highmag_2_set0.png,20260623,3_pos1__highmag_2_,0.0,9,False,1.25,0.7492785881703642,1.5000000178813937,1.7575757575757576,0.9347290640394088,0.9549999833106995,1.118033988749895,0.848528137423857
keep/20260623_3_pos1__highmag_2_set1.png,20260623,3_pos1__highmag_2_,1.0,9,False,1.5811388300841898,0.695958140028304,3.4014702628478215,1.64,0.8581752484191509,1.3693000078201294,1.0999999999999999,0.223606797749979
keep/20260623_3_pos1__highmag_2_set2.png,20260623,3_pos1__highmag_2_,2.0,9,False,3.5794552658190883,0.7014631128038784,9.264987860544036,1.9230769230769231,0.8899999999999999,0.0,4.957822102496216,6.5
keep/20260623_3_pos1__highmag_3_set0.png,20260623,3_pos1__highmag_3_,0.0,9,False,1.25,0.5544266389562191,0.5830952004733007,1.6363636363636365,0.8600823045267489,4.648600101470947,2.0396078054371145,0.316227766016838
keep/20260623_3_pos1__highmag_5_set0.png,20260623,3_pos1__highmag_5_,0.0,9,False,1.9525624189766635,0.7866642405295905,1.1045361181775963,2.5,0.8307692307692308,3.2792999744415283,1.2,0.316227766016838
keep/20260623_3_pos1__highmag_5_set1.png,20260623,3_pos1__highmag_5_,1.0,9,False,1.6007810593582121,0.6511669599480271,0.5099019557428156,2.3333333333333335,0.5714285714285714,0.0,1.992485884517127,0.4123105625617661
keep/20260623_3_pos1__highmag_5_set2.png,20260623,3_pos1__highmag_5_,2.0,9,False,1.6770509831248424,0.5626942641434914,4.501110997773628,1.411764705882353,0.4958333333333333,0.0,1.1401754250991378,1.2206555615733703
keep/20260623_3_pos1__highmag_6_set0.png,20260623,3_pos1__highmag_6_,0.0,9,False,3.132491021535417,0.8803133702580076,1.252996419317346,1.375,1.1550802139037433,0.0,0.31622776601683794,0.9433981132056605
keep/20260623_3_pos1__highmag_6_set1.png,20260623,3_pos1__highmag_6_,1.0,9,False,2.0155644370746373,0.8469416137533183,0.5385164868010179,2.5555555555555554,0.5719063545150502,2.3243000507354736,0.4,0.223606797749979
keep/20260623_3_pos1__highmag_6_set2.png,20260623,3_pos1__highmag_6_,2.0,9,False,2.692582403567252,0.7481936456176981,1.0295630154012958,1.588235294117647,1.01440329218107,0.0,1.019803902718557,0.22360679774997896
keep/20260623_3_pos1__highmag_7_set0.png,20260623,3_pos1__highmag_7_,0.0,9,False,1.9525624189766635,0.6913695437804547,3.1575306476874805,1.5,1.0196078431372548,1.3693000078201294,2.3194827009486403,0.7211102550927979
keep/20260623_3_pos1__highmag_7_set2.png,20260623,3_pos1__highmag_7_,2.0,9,False,3.0516389039334255,0.5831824714233846,1.0770329653008077,1.6521739130434783,0.8776315789473684,0.9549999833106995,0.42426406871192845,0.223606797749979
keep/20260623_4_pos1__highmag_1_set0.png,20260623,4_pos1__highmag_1_,0.0,9,False,1.6770509831248424,0.7940692441736941,1.1180339799534125,0.5714285714285714,0.7556818181818182,0.0,1.5,0.36055512754639896
keep/20260623_4_pos1__highmag_1_set1.png,20260623,4_pos1__highmag_1_,1.0,9,False,2.0155644370746373,0.726337478278404,1.2083046094451002,1.3870967741935485,1.0381395348837208,0.0,2.4186773244895647,0.3999999999999999
keep/20260623_4_pos1__highmag_1_set2.png,20260623,4_pos1__highmag_1_,2.0,9,False,3.473110997362451,0.6162153234959478,0.8062257792656828,2.0,0.8888888888888888,0.0,0.5000000000000004,0.14142135623730953
keep/20260623_4_pos1__highmag_2_set0.png,20260623,4_pos1__highmag_2_,0.0,9,False,2.0,0.7584516677895065,1.1000000178813931,3.6666666666666665,1.090909090909091,0.0,0.608276253029822,0.42426406871192857
keep/20260623_4_pos1__highmag_2_set1.png,20260623,4_pos1__highmag_2_,1.0,9,False,1.118033988749895,0.7235876287133568,3.3015148038438356,0.8181818181818182,0.8148148148148148,0.9549999833106995,0.7615773105863908,3.3301651610693423
keep/20260623_4_pos1__highmag_2_set2.png,20260623,4_pos1__highmag_2_,2.0,9,False,2.3048861143232218,0.5601943126693177,6.70074629861799,1.5,0.8888888888888888,0.0,4.011234224026316,0.4
keep/20260623_4_pos1__highmag_3_set0.png,20260623,4_pos1__highmag_3_,0.0,9,False,1.7677669529663689,0.8658002634118837,0.5099019560350514,2.0,0.5862068965517241,2.738600015640259,0.44721359549995787,0.28284271247461906
keep/20260623_4_pos1__highmag_4_set0.png,20260623,4_pos1__highmag_4_,0.0,9,False,0.25,0.6974490112817002,0.806225786658729,1.6153846153846154,0.9285714285714286,0.0,2.1023796041628637,0.608276253029822
keep/20260623_4_pos1__highmag_4_set1.png,20260623,4_pos1__highmag_4_,1.0,9,False,1.8027756377319946,0.5465985843945542,2.109502311538005,1.2692307692307692,1.0411255411255411,0.0,0.3605551275463992,1.91049731745428
keep/20260623_4_pos1__highmag_4_set2.png,20260623,4_pos1__highmag_4_,2.0,9,False,2.3717082451262845,0.583227229028106,2.647640465334488,0.8780487804878049,0.7524801587301587,0.9549999833106995,2.433105012119288,0.14142135623730953
keep/20260623_4_pos1__highmag_5_set0.png,20260623,4_pos1__highmag_5_,0.0,9,False,0.5,0.6404779863803981,2.999999961555004,4.111111111111111,1.0945945945945947,0.0,1.9313207915827963,0.223606797749979
keep/20260623_4_pos1__highmag_5_set1.png,20260623,4_pos1__highmag_5_,1.0,9,False,1.0606601717798212,0.6415586312566255,3.8013156332896627,0.9696969696969697,0.5671875000000001,3.2792999744415283,2.1,0.447213595499958
keep/20260623_4_pos1__highmag_5_set2.png,20260623,4_pos1__highmag_5_,2.0,9,False,1.118033988749895,0.5488271252287181,2.7166155806055055,2.909090909090909,0.22418478260869565,0.9549999833106995,1.1180339887498947,0.31622776601683794
keep/20260623_4_pos1__highmag_6_set0.png,20260623,4_pos1__highmag_6_,0.0,9,False,1.4577379737113252,0.6880482363745617,1.1045360883627573,0.32432432432432434,0.859775641025641,0.0,0.22360679774997896,0.316227766016838
keep/20260623_4_pos1__highmag_6_set1.png,20260623,4_pos1__highmag_6_,1.0,9,False,2.6575364531836625,0.6853213114360655,0.500000001490116,1.4615384615384615,0.9350877192982456,0.0,0.5099019513592784,0.4123105625617661
keep/20260623_5_pos1__highmag_1_set0.png,20260623,5_pos1__highmag_1_,0.0,9,False,2.0155644370746373,0.6109767874044212,11.031772261405862,0.7959183673469388,0.6997728010386238,0.0,7.710382610480494,7.723341245859852
keep/20260623_5_pos1__highmag_2_set0.png,20260623,5_pos1__highmag_2_,0.0,9,False,1.25,0.8006171348076138,2.402082428838279,3.142857142857143,0.7727272727272727,0.0,1.1999999999999997,0.223606797749979
keep/20260623_5_pos1__highmag_2_set1.png,20260623,5_pos1__highmag_2_,1.0,9,False,2.1505813167606567,0.682614213864172,11.720068454884276,0.9411764705882353,0.8333333333333334,1.909999966621399,6.200806399170998,0.6082762530298219
keep/20260623_5_pos1__highmag_3_set0.png,20260623,5_pos1__highmag_3_,0.0,9,False,1.6770509831248424,0.7568713533802695,1.0049875815357334,3.4,1.0588235294117647,0.0,0.22360679774997894,0.223606797749979
keep/20260623_5_pos1__highmag_3_set1.png,20260623,5_pos1__highmag_3_,1.0,9,False,2.5495097567963922,0.6334830551557177,6.174139511910926,1.2727272727272727,1.1785714285714286,0.0,3.8,0.6324555320336759
keep/20260623_5_pos1__highmag_3_set2.png,20260623,5_pos1__highmag_3_,2.0,9,False,3.2882366094914763,0.5342694825560569,12.093386530404398,1.0789473684210527,1.5060975609756098,0.0,5.748912940721924,1.40356688476182
keep/20260623_5_pos1__highmag_4_set0.png,20260623,5_pos1__highmag_4_,0.0,9,False,1.5206906325745548,0.8126025189998016,1.334166443046601,1.8888888888888888,0.585139318885449,1.3693000078201294,1.0440306508910548,1.004987562112089
keep/20260623_5_pos1__highmag_4_set1.png,20260623,5_pos1__highmag_4_,1.0,2,True,1.2747548783981961,0.5931145989059198,2.499999997019768,3.0,0.8333333333333334,36.70429992675781,1.0049875621120887,1.91049731745428
keep/20260623_5_pos1__highmag_5_set0.png,20260623,5_pos1__highmag_5_,0.0,9,False,1.9525624189766635,0.8494181755792938,2.022374888992873,2.526315789473684,0.6597222222222223,0.9549999833106995,0.761577310586391,0.5099019513592785
keep/20260623_5_pos1__highmag_5_set1.png,20260623,5_pos1__highmag_5_,1.0,9,False,3.3354160160315836,0.6154888307929808,2.280350851766578,1.9166666666666667,0.7485822306238185,0.0,1.2041594578792296,0.316227766016838
keep/20260623_5_pos1__highmag_5_set2.png,20260623,5_pos1__highmag_5_,2.0,9,False,2.9154759474226504,0.7529590022544655,5.423098751667121,1.2470588235294118,1.2996096291476902,1.3693000078201294,0.41231056256176596,2.302172886644268
keep/20260623_5_pos1__highmag_6_set0.png,20260623,5_pos1__highmag_6_,0.0,9,False,1.5206906325745548,0.6204511459047811,10.417293287964245,1.1794871794871795,0.7296863863150391,1.909999966621399,5.108815909777919,0.7071067811865476
keep/20260623_5_pos1__highmag_6_set1.png,20260623,5_pos1__highmag_6_,1.0,9,False,3.8078865529319543,0.4882136071234136,5.500909017306986,2.888888888888889,1.0384615384615385,2.738600015640259,4.509988913511872,0.806225774829855
keep/20260623_5_pos1__highmag_7_set0.png,20260623,5_pos1__highmag_7_,0.0,9,False,1.8027756377319946,0.6796226874971015,5.514526320845367,3.7,0.7459459459459459,0.0,0.8544003745317532,2.1095023109728985
keep/20260623_5_pos1__highmag_7_set1.png,20260623,5_pos1__highmag_7_,1.0,2,True,1.118033988749895,0.7460584202356448,11.859595229273983,2.3333333333333335,0.7987012987012986,15.062299728393555,5.315072906367325,0.5830951894845301
keep/20260623_5_pos1__highmag_7_set2.png,20260623,5_pos1__highmag_7_,2.0,9,False,4.00780488547035,0.6171174088496086,11.194641487446155,3.0,0.9607843137254902,2.738600015640259,10.650821564555478,0.223606797749979
keep/20260623_6_pos1__highmag_1_set0.png,20260623,6_pos1__highmag_1_,0.0,9,False,0.9013878188659973,0.8050143985212652,2.473863378984659,2.5,1.2,0.0,63.968898693036756,52.35198181540027
keep/20260623_6_pos1__highmag_1_set1.png,20260623,6_pos1__highmag_1_,1.0,2,True,0.5,0.7170488110646891,0.8062257794505087,2.0,1.05,44.000205993652344,63.56917491992483,34.373972711922605
keep/20260623_6_pos1__highmag_2_set0.png,20260623,6_pos1__highmag_2_,0.0,9,False,1.5,0.6741431207696588,1.5297058891461333,1.4285714285714286,1.015,0.0,0.7,1.0
keep/20260623_6_pos1__highmag_2_set1.png,20260623,6_pos1__highmag_2_,1.0,9,False,1.0606601717798212,0.6541734512804347,1.3601470736610919,1.1785714285714286,0.8484848484848485,0.0,0.4123105625617661,0.316227766016838
keep/20260623_6_pos1__highmag_2_set2.png,20260623,6_pos1__highmag_2_,2.0,9,False,1.118033988749895,0.5851531981141015,11.610770742668844,3.1875,0.7947712418300653,0.0,4.850773134253962,3.753664875824692
keep/20260623_6_pos1__highmag_3_set0.png,20260623,6_pos1__highmag_3_,0.0,9,False,1.0307764064044151,0.8217863250018779,1.4142135714346675,1.2222222222222223,1.1103896103896103,0.9549999833106995,0.9899494936611667,0.31622776601683794
keep/20260623_6_pos1__highmag_3_set1.png,20260623,6_pos1__highmag_3_,1.0,9,False,2.6575364531836625,0.6568304038336494,1.3152946499143279,1.6,0.6818181818181818,0.0,1.2369316876852978,0.7071067811865475
keep/20260623_6_pos1__highmag_3_set2.png,20260623,6_pos1__highmag_3_,2.0,9,False,1.9525624189766635,0.7091252659069863,0.5830951920400581,2.4583333333333335,0.935593220338983,0.9549999833106995,0.608276253029822,0.5385164807134505
keep/20260623_6_pos1__highmag_4_set0.png,20260623,6_pos1__highmag_4_,0.0,9,False,2.3717082451262845,0.8466365346902418,2.308679240365611,0.8461538461538461,0.4220779220779221,1.3693000078201294,49.566520959211964,24.939326374222702
keep/20260623_6_pos1__highmag_4_set1.png,20260623,6_pos1__highmag_4_,1.0,9,False,2.358495283014151,0.7213404158979293,3.1256999811135087,4.1,0.9370988446726574,0.0,78.34092161827049,29.65434200922354
keep/20260623_6_pos1__highmag_4_set2.png,20260623,6_pos1__highmag_4_,2.0,9,False,2.1505813167606567,0.7140092244825494,6.307138752667901,5.428571428571429,0.9342105263157894,0.0,61.61168720299745,30.513275799232044
keep/20260623_6_pos1__highmag_5_set0.png,20260623,6_pos1__highmag_5_,0.0,9,False,1.346291201783626,0.8307303178779297,0.5656854270565804,1.12,0.6249999999999999,0.0,0.5,0.31622776601683794
keep/20260623_6_pos1__highmag_5_set1.png,20260623,6_pos1__highmag_5_,1.0,9,False,1.8200274723201295,0.8039426645423574,1.2000000014901158,2.076923076923077,0.39120370370370366,0.0,0.14142135623730953,0.223606797749979
keep/20260623_6_pos1__highmag_6_set0.png,20260623,6_pos1__highmag_6_,0.0,9,False,1.346291201783626,0.8023808813239313,0.36055512961281816,3.4375,0.7588932806324111,0.0,0.223606797749979,0.30000000000000004
keep/20260623_6_pos1__highmag_6_set2.png,20260623,6_pos1__highmag_6_,2.0,9,False,1.8027756377319946,0.6630843523811232,7.6006579616231225,1.4782608695652173,0.3204334365325077,0.9549999833106995,4.001249804748512,0.316227766016838
keep/20260701_pos1__highmag_1_set0.png,20260701,pos1__highmag_1_,0.0,9,False,1.0307764064044151,0.7124336580697687,4.459820583098768,3.0,0.6666666666666666,0.0,3.7161808352124095,3.5
keep/20260701_pos1__highmag_1_set1.png,20260701,pos1__highmag_1_,1.0,9,False,0.7071067811865476,0.748784649253559,6.008327531701548,0.5833333333333334,1.0084033613445378,0.0,1.0770329614269012,2.8635642126552705
keep/20260701_pos1__highmag_1_set2.png,20260701,pos1__highmag_1_,2.0,9,False,0.5,0.6715332477364782,6.774215825075512,3.0,0.5833333333333334,0.0,3.8327535793473597,1.3601470508735445
keep/20260701_pos1__highmag_2_set0.png,20260701,pos1__highmag_2_,0.0,9,False,0.7905694150420949,0.8441189170128041,2.701851220254601,3.6666666666666665,0.8522727272727273,0.9549999833106995,1.8110770276274832,1.2999999999999998
keep/20260701_pos1__highmag_2_set1.png,20260701,pos1__highmag_2_,1.0,9,False,0.3535533905932738,0.7694278512533085,6.870953551635547,1.6666666666666667,0.95,0.0,4.220189569201839,4.504442251822083
keep/20260701_pos1__highmag_2_set2.png,20260701,pos1__highmag_2_,2.0,9,False,1.0606601717798212,0.7412401711233737,3.606937778667224,2.7857142857142856,0.5874125874125875,0.0,2.7586228448267454,2.1095023109728985
keep/20260701_pos1__highmag_2_set3.png,20260701,pos1__highmag_2_,3.0,9,False,1.8200274723201295,0.7801457938071821,4.788527927589194,3.6666666666666665,0.8181818181818182,1.3693000078201294,1.0,3.255764119219941
keep/20260701_pos1__highmag_3_set0.png,20260701,pos1__highmag_3_,0.0,9,False,1.118033988749895,0.9518498880085652,1.802775658561501,2.3333333333333335,1.0,0.0,1.1704699910719627,0.316227766016838
keep/20260701_pos1__highmag_3_set1.png,20260701,pos1__highmag_3_,1.0,9,False,3.092329219213245,0.9056059566297857,3.176475945347564,3.232142857142857,0.6680682540458611,1.3693000078201294,1.16619037896906,1.3152946437965904
keep/20260701_pos1__highmag_3_set2.png,20260701,pos1__highmag_3_,2.0,9,False,6.823672031978091,0.8442117025134594,3.8897300677553446,6.0,0.5833333333333334,0.9549999833106995,4.1182520563948,2.3537204591879637
keep/20260701_pos1__highmag_4_set0.png,20260701,pos1__highmag_4_,0.0,9,False,1.25,0.8405482786215147,5.614267586715983,2.25,1.0,0.0,2.6248809496813377,0.5385164807134504
keep/20260701_pos1__highmag_4_set1.png,20260701,pos1__highmag_4_,1.0,9,False,1.5,0.7126461906805732,5.360037520249733,2.5714285714285716,0.9444444444444443,0.9549999833106995,1.9646882704388502,0.42426406871192857
keep/20260701_pos1__highmag_4_set2.png,20260701,pos1__highmag_4_,2.0,9,False,2.7613402542968153,0.6565985372915828,9.52732928893934,1.5,0.6666666666666666,0.0,4.997999599839919,1.0
keep/20260701_pos1__highmag_5_set0.png,20260701,pos1__highmag_5_,0.0,9,False,1.6770509831248424,0.6989336411460483,6.212889874580288,2.0,1.0,0.0,2.729468812791236,0.5385164807134505
keep/20260701_pos1__highmag_5_set1.png,20260701,pos1__highmag_5_,1.0,9,False,1.8200274723201295,0.666885749791693,6.307138753093167,1.0555555555555556,0.8612440191387559,0.9549999833106995,3.7363083384538807,0.42426406871192857
keep/20260701_pos1__highmag_5_set2.png,20260701,pos1__highmag_5_,2.0,9,False,1.9039432764659772,0.6393748304537392,5.700877125469552,3.0344827586206895,0.8238636363636364,3.2792999744415283,3.705401462729781,0.316227766016838
keep/20260701_pos1__highmag_5_set3.png,20260701,pos1__highmag_5_,3.0,9,False,1.7677669529663689,0.5515621324841429,6.1294372009138955,1.3,0.5982905982905983,1.3693000078201294,4.741307836451879,0.5
keep/20260701_pos1__highmag_6_set0.png,20260701,pos1__highmag_6_,0.0,9,False,1.2747548783981961,0.8179523596193512,5.135172742488951,1.3333333333333333,1.0,0.0,1.334166406412634,3.939543120718442
keep/20260701_pos1__highmag_6_set1.png,20260701,pos1__highmag_6_,1.0,9,False,1.0606601717798212,0.8035267584475619,3.7735924120710282,1.0,1.3333333333333333,0.0,3.55105618091294,0.7999999999999999
keep/20260701_pos1__highmag_6_set2.png,20260701,pos1__highmag_6_,2.0,9,False,1.4577379737113252,0.7661332587463356,4.738143094337341,1.5,0.9444444444444445,0.0,1.6031219541881399,3.8897300677553446
keep/20260701_pos1__highmag_6_set3.png,20260701,pos1__highmag_6_,3.0,9,False,2.25,0.7298391185096839,9.512623199982185,2.0,1.0,0.9549999833106995,3.66742416417845,4.738143096192852
keep/20260701_pos2__highmag_1_set0.png,20260701,pos2__highmag_1_,0.0,9,False,1.346291201783626,0.7625846479733123,2.6019223724939478,2.3333333333333335,0.8571428571428571,0.0,2.4083189157584592,0.3
keep/20260701_pos2__highmag_1_set1.png,20260701,pos2__highmag_1_,1.0,9,False,0.5590169943749475,0.7242983636382009,5.056678665153604,1.3333333333333333,1.0,2.3243000507354736,4.301162633521313,2.002498439450078
keep/20260701_pos2__highmag_1_set2.png,20260701,pos2__highmag_1_,2.0,9,False,1.8200274723201295,0.7472672595036347,1.3416408131558812,0.6666666666666666,1.3333333333333333,0.0,0.44721359549995754,0.8999999999999999
keep/20260701_pos2__highmag_2_set0.png,20260701,pos2__highmag_2_,0.0,9,False,1.8200274723201295,0.9181721254721805,3.2062439084692307,3.0,0.787878787878788,0.0,1.3,1.5524174696260025
keep/20260701_pos2__highmag_2_set1.png,20260701,pos2__highmag_2_,1.0,9,False,2.704163456597992,0.6418312233830257,3.7121422622975646,3.875,0.6212664277180406,0.0,2.7,5.903388857258177
keep/20260701_pos2__highmag_2_set2.png,20260701,pos2__highmag_2_,2.0,9,False,1.0307764064044151,0.8635292940122851,10.720074535531545,1.125,0.9411764705882353,1.909999966621399,2.4515301344262523,2.8442925306655784
keep/20260701_pos2__highmag_2_set3.png,20260701,pos2__highmag_2_,3.0,9,False,2.3717082451262845,0.8652474785503171,4.8877398128713105,1.1818181818181819,0.9565217391304347,4.107900142669678,3.3060550509633075,0.4123105625617661
keep/20260701_pos2__highmag_3_set0.png,20260701,pos2__highmag_3_,0.0,2,True,1.5811388300841898,0.9124595185034576,2.501999208203102,1.0909090909090908,0.8333333333333334,13.657899856567383,2.4331050121192876,0.36055512754639896
keep/20260701_pos2__highmag_3_set1.png,20260701,pos2__highmag_3_,1.0,9,False,2.3048861143232218,0.9021936026051552,2.236067974567629,1.7,0.8496732026143791,0.0,2.596150997149434,1.6031219541881399
keep/20260701_pos2__highmag_3_set2.png,20260701,pos2__highmag_3_,2.0,9,False,1.6770509831248424,0.8862135004950816,5.456189233238338,0.7692307692307693,0.9454545454545454,1.909999966621399,2.1540659228538015,1.2649110640673518
keep/20260701_pos2__highmag_3_set3.png,20260701,pos2__highmag_3_,3.0,9,False,4.16082924427331,0.8621852292774886,3.9204592535147107,1.3571428571428572,0.7368421052631579,0.0,1.3601470508735438,1.8788294228055937
keep/20260701_pos2__highmag_4_set0.png,20260701,pos2__highmag_4_,0.0,9,False,0.9013878188659973,0.8983605942882614,3.4058772375717092,1.8,1.1111111111111112,0.9549999833106995,0.42426406871192857,0.4123105625617661
keep/20260701_pos2__highmag_4_set1.png,20260701,pos2__highmag_4_,1.0,9,False,1.2747548783981961,0.8830398383154043,1.7117243173422523,1.6923076923076923,0.7755681818181819,0.0,0.5385164807134505,0.9219544457292886
keep/20260701_pos2__highmag_4_set2.png,20260701,pos2__highmag_4_,2.0,9,False,0.7071067811865476,0.8133171879219195,4.11096086321448,2.9583333333333335,0.7357083678541838,0.0,0.4123105625617661,0.316227766016838
keep/20260701_pos2__highmag_5_set0.png,20260701,pos2__highmag_5_,0.0,9,False,1.4577379737113252,0.924202427179793,2.9154758999920496,2.1,0.8095238095238094,0.9549999833106995,1.9,1.1704699910719623
keep/20260909_AP5_12_pos1__highmag_1_set0.png,20260909,AP5_12_pos1__highmag_1_,0.0,9,False,1.7677669529663689,0.7969411254957661,6.708203932499369,1.875,0.9333333333333333,0.0,6.149186938124422,8.253787009609589
keep/20260909_AP5_12_pos1__highmag_1_set2.png,20260909,AP5_12_pos1__highmag_1_,2.0,9,False,1.346291201783626,0.649320521823714,5.0,1.0,1.0,0.0,5.25,5.062114182829147
keep/20260909_AP5_12_pos1__highmag_2_set0.png,20260909,AP5_12_pos1__highmag_2_,0.0,9,False,2.850438562747845,0.878045970968859,7.810249675906654,1.6666666666666667,0.75,0.0,7.9726093595509875,7.850159234053791
keep/20260909_AP5_12_pos1__highmag_2_set1.png,20260909,AP5_12_pos1__highmag_2_,1.0,9,False,2.462214450449026,0.5421391267850598,6.082762530298219,1.0,1.0,1.909999966621399,6.046693311223912,5.5901699437494745
keep/20260909_AP5_12_pos1__highmag_2_set2.png,20260909,AP5_12_pos1__highmag_2_,2.0,9,False,2.3048861143232218,0.46795855273792564,9.0,1.0,0.75,0.0,9.003471552684553,4.6097722286464435
keep/20260909_AP5_12_pos1__highmag_2_set3.png,20260909,AP5_12_pos1__highmag_2_,3.0,2,True,0.5,0.4030447963003223,4.123105625617661,1.5,0.6666666666666666,28.109298706054688,3.5794552658190883,5.0
keep/20260909_AP5_12_pos1__highmag_4_set0.png,20260909,AP5_12_pos1__highmag_4_,0.0,9,False,1.4577379737113252,0.7626062820707814,10.816653826391969,1.3333333333333333,0.5625,1.909999966621399,10.891510455395983,7.420411039827915
keep/20260909_AP5_12_pos1__highmag_4_set1.png,20260909,AP5_12_pos1__highmag_4_,1.0,9,False,3.0413812651491097,0.5981588729796071,9.0,1.6,0.78125,0.9549999833106995,9.003471552684553,6.209871174187111
keep/20260909_AP5_12_pos1__highmag_5_set0.png,20260909,AP5_12_pos1__highmag_5_,0.0,9,False,2.23606797749979,0.6162562817023166,9.219544457292887,2.6666666666666665,1.03125,0.0,9.572094859538323,8.139410298049853
keep/20260909_AP5_12_pos1__highmag_5_set1.png,20260909,AP5_12_pos1__highmag_5_,1.0,9,False,1.0307764064044151,0.42302839187827257,6.324555320336759,1.0769230769230769,0.9948979591836735,0.0,6.0878978309429606,5.8576872569299905
keep/20260909_AP5_12_pos1__highmag_6_set3.png,20260909,AP5_12_pos1__highmag_6_,3.0,9,False,0.5590169943749475,0.7978035221370134,4.0,2.0,0.75,0.0,4.5,0.25
keep/20260909_AP5_14_pos1__highmag_1_set1.png,20260909,AP5_14_pos1__highmag_1_,1.0,9,False,2.6100766272276377,0.3025330339964404,14.142135623730951,0.5,1.0,1.3693000078201294,14.080127840328723,4.272001872658765
keep/20260909_AP5_14_pos1__highmag_1_set2.png,20260909,AP5_14_pos1__highmag_1_,2.0,9,False,0.9013878188659973,0.24138259486894337,8.0,1.0,1.0,0.0,7.75,6.791538853603062
keep/20260909_AP5_14_pos1__highmag_3_set0.png,20260909,AP5_14_pos1__highmag_3_,0.0,9,False,2.25,0.378547290158684,10.44030650891055,1.0,1.0,0.0,10.277402395547233,10.75
keep/20260909_AP5_14_pos1__highmag_4_set1.png,20260909,AP5_14_pos1__highmag_4_,1.0,2,True,3.2015621187164243,0.3779232061720404,6.324555320336759,1.5,1.3333333333333333,9.550000190734863,5.706356105256663,7.254309064273454
keep/20260909_AP5_14_pos1__highmag_6_set0.png,20260909,AP5_14_pos1__highmag_6_,0.0,9,False,1.0307764064044151,0.7308061709730047,8.0,1.0,1.0,0.0,8.0,9.89002022242624
keep/20260909_AP5_14_pos1__highmag_6_set1.png,20260909,AP5_14_pos1__highmag_6_,1.0,9,False,0.75,0.656729231052721,10.0,1.3333333333333333,0.75,0.9549999833106995,9.75320460156558,9.0
keep/20260909_cnt_2_pos1__highmag_1_set0.png,20260909,cnt_2_pos1__highmag_1_,0.0,9,False,2.2638462845343543,0.7451353537032366,7.280109889280518,2.6666666666666665,0.9375,0.9549999833106995,7.403546447480424,7.215434844830906
keep/20260909_cnt_2_pos1__highmag_2_set0.png,20260909,cnt_2_pos1__highmag_2_,0.0,9,False,1.4142135623730951,0.8959606292586488,5.0,2.0,0.6666666666666666,1.3693000078201294,4.451123453691214,8.0
keep/20260909_cnt_2_pos1__highmag_2_set1.png,20260909,cnt_2_pos1__highmag_2_,1.0,2,True,0.9013878188659973,0.8450681075054456,9.486832980505138,2.0,1.0,4.234300136566162,9.410765112359355,8.077747210701755
keep/20260909_cnt_2_pos1__highmag_2_set3.png,20260909,cnt_2_pos1__highmag_2_,3.0,2,True,1.2747548783981961,0.7459304888527539,7.211102550927978,1.0,1.0,0.0,6.946221994724902,9.300537618869138
keep/20260909_cnt_2_pos1__highmag_3_set0.png,20260909,cnt_2_pos1__highmag_3_,0.0,9,False,2.5495097567963922,0.476800047078968,4.0,1.5,1.0,0.0,4.5,9.290452088031023
keep/20260909_cnt_2_pos1__highmag_4_set0.png,20260909,cnt_2_pos1__highmag_4_,0.0,9,False,1.25,0.4840901858619737,5.385164807134504,2.0,0.5,0.0,5.460082416960389,5.153882032022076
keep/20260909_cnt_2_pos1__highmag_4_set1.png,20260909,cnt_2_pos1__highmag_4_,1.0,9,False,2.5,0.41511065670217323,10.44030650891055,1.5,0.6666666666666666,0.0,9.962429422585638,8.223442101699263
keep/20260909_cnt_2_pos1__highmag_4_set3.png,20260909,cnt_2_pos1__highmag_4_,3.0,9,False,6.373774391990981,0.4241864031241048,12.649110640673518,1.0,0.6666666666666666,0.0,12.730377056474016,11.78187166794818
keep/20260909_cnt_2_pos1__highmag_5_set0.png,20260909,cnt_2_pos1__highmag_5_,0.0,9,False,1.25,0.6109863415329435,5.385164807134504,2.5,0.8,0.0,5.062114182829147,5.1478150704935
keep/20260909_cnt_2_pos1__highmag_5_set1.png,20260909,cnt_2_pos1__highmag_5_,1.0,9,False,2.9261749776799064,0.4809633722791738,12.806248474865697,1.0,1.0,0.9549999833106995,12.93493332027653,7.110731326663946
keep/20260909_cnt_2_pos1__highmag_5_set2.png,20260909,cnt_2_pos1__highmag_5_,2.0,9,False,2.0155644370746373,0.565543288316659,10.198039027185569,3.0,0.5,0.9549999833106995,9.762812094883317,8.246211251235321
keep/20260909_cnt_2_pos1__highmag_5_set3.png,20260909,cnt_2_pos1__highmag_5_,3.0,9,False,2.7613402542968153,0.5869797438949506,13.416407864998739,1.0,1.0,0.0,13.200378782444085,11.180339887498949
keep/20260909_cnt_2_pos1__highmag_6_set0.png,20260909,cnt_2_pos1__highmag_6_,0.0,9,False,1.346291201783626,0.7189167382919245,5.656854249492381,1.0,1.0,0.0,6.189709201569974,6.189709201569974
keep/20260909_cnt_2_pos1__highmag_6_set1.png,20260909,cnt_2_pos1__highmag_6_,1.0,9,False,1.2747548783981961,0.6415801713311028,7.211102550927978,1.0,1.0,0.0,7.25,8.00390529679106
keep/20260909_cnt_2_pos1__highmag_6_set3.png,20260909,cnt_2_pos1__highmag_6_,3.0,9,False,1.118033988749895,0.5160549070406926,14.866068747318506,3.0,0.6666666666666666,0.9549999833106995,14.718186029535026,12.673791855636576
keep/20260909_cnt_2_pos1__highmag_7_set2.png,20260909,cnt_2_pos1__highmag_7_,2.0,9,False,0.3535533905932738,0.3456938917806072,16.1245154965971,1.5,0.6666666666666666,0.0,15.90990257669732,12.992786460186283
keep/20260909_cnt_2_pos1__highmag_7_set3.png,20260909,cnt_2_pos1__highmag_7_,3.0,9,False,69.80016117459901,0.2737899367874268,14.560219778561036,1.5,0.6666666666666666,7.513599872589111,14.320003491619685,25.809397513308983
keep/20260909_cnt_2_pos1__highmag_8_set0.png,20260909,cnt_2_pos1__highmag_8_,0.0,9,False,1.0,0.7821425013572888,8.602325267042627,3.0,0.3333333333333333,0.0,8.951256894984079,7.158910531638177
keep/20260909_cnt_2_pos1__highmag_8_set1.png,20260909,cnt_2_pos1__highmag_8_,1.0,9,False,0.7905694150420949,0.5137730077584237,8.54400374531753,3.0,0.5555555555555556,1.909999966621399,8.634958019585271,8.835298523536146
keep/20260909_cnt_2_pos1__highmag_8_set2.png,20260909,cnt_2_pos1__highmag_8_,2.0,9,False,2.3048861143232218,0.3767685444535079,16.278820596099706,1.0,2.0,0.0,16.57181341917655,13.439680055715613
keep/20260909_cnt_3_pos1__highmag_1_set0.png,20260909,cnt_3_pos1__highmag_1_,0.0,9,False,1.8200274723201295,0.7519324324092169,6.708203932499369,2.0,0.5,0.0,6.373774391990981,7.754031209635412
keep/20260909_cnt_3_pos1__highmag_1_set1.png,20260909,cnt_3_pos1__highmag_1_,1.0,9,False,1.25,0.35260204780224846,7.211102550927978,1.0,1.0,0.0,7.558108228915487,7.652613932506983
keep/20260909_cnt_3_pos1__highmag_1_set2.png,20260909,cnt_3_pos1__highmag_1_,2.0,9,False,2.1505813167606567,0.6754765683563739,8.48528137423857,0.75,0.4444444444444444,0.9549999833106995,8.200609733428363,10.25
keep/20260909_cnt_3_pos1__highmag_2_set1.png,20260909,cnt_3_pos1__highmag_2_,1.0,9,False,1.4577379737113252,0.49461595057002444,7.0710678118654755,1.0,1.25,0.9549999833106995,7.0710678118654755,8.707037383633999
keep/20260909_cnt_3_pos1__highmag_3_set2.png,20260909,cnt_3_pos1__highmag_3_,2.0,9,False,1.6770509831248424,0.630594455621633,12.36931687685298,1.0,1.0,0.0,12.673791855636576,15.002083188677497
keep/20260909_cnt_3_pos1__highmag_4_set0.png,20260909,cnt_3_pos1__highmag_4_,0.0,9,False,2.9154759474226504,0.37724009922242463,11.313708498984761,2.0,0.5,0.9549999833106995,11.335784048754634,10.982941318244398
keep/20260909_cnt_3_pos1__highmag_4_set1.png,20260909,cnt_3_pos1__highmag_4_,1.0,9,False,2.0155644370746373,0.6314834828640908,8.602325267042627,4.0,0.625,0.0,8.75,8.533024082938006
keep/20260909_cnt_3_pos1__highmag_4_set3.png,20260909,cnt_3_pos1__highmag_4_,3.0,9,False,0.5,0.5402998359463803,14.0,1.5,0.8888888888888888,2.738600015640259,14.252192813739224,6.73145600891813
keep/20260909_cnt_3_pos1__highmag_5_set0.png,20260909,cnt_3_pos1__highmag_5_,0.0,9,False,1.75,0.26898881140955033,12.206555615733702,1.0,1.0,6.432199954986572,11.800423721205947,13.0862523283024
keep/20260909_cnt_3_pos1__highmag_5_set1.png,20260909,cnt_3_pos1__highmag_5_,1.0,9,False,0.5,0.6174164334113694,10.0,2.0,0.75,0.0,10.262187875886896,9.154916711800277
keep/20260909_cnt_3_pos1__highmag_6_set0.png,20260909,cnt_3_pos1__highmag_6_,0.0,9,False,2.0155644370746373,0.6270255247995888,10.63014581273465,2.3333333333333335,0.8571428571428571,0.0,10.982941318244398,12.22957480863501
keep/20260909_cnt_3_pos1__highmag_6_set1.png,20260909,cnt_3_pos1__highmag_6_,1.0,9,False,1.5206906325745548,0.5893402017633012,11.661903789690601,0.875,1.1428571428571428,0.0,11.104616157256405,11.236102527122116
keep/20260909_cnt_3_pos1__highmag_7_set0.png,20260909,cnt_3_pos1__highmag_7_,0.0,9,False,1.118033988749895,0.7101278981164273,14.422205101855956,2.0,0.725,0.0,14.075688260259247,14.35705401536123
keep/20260909_cnt_3_pos1__highmag_7_set1.png,20260909,cnt_3_pos1__highmag_7_,1.0,9,False,1.25,0.5546546741777721,12.649110640673518,2.0,1.5,0.9549999833106995,12.96630247988994,22.0
keep/20260909_cnt_3_pos1__highmag_7_set2.png,20260909,cnt_3_pos1__highmag_7_,2.0,9,False,1.25,0.5088216352430005,18.681541692269406,1.3333333333333333,1.2500000000000002,0.0,18.200274723201296,17.315094570922792
keep/20260909_cnt_3_pos1__highmag_8_set0.png,20260909,cnt_3_pos1__highmag_8_,0.0,9,False,2.5,0.6591781895981438,15.620499351813308,2.0,0.75,1.909999966621399,15.461646096066227,14.0
keep/20260909_cnt_3_pos1__highmag_8_set2.png,20260909,cnt_3_pos1__highmag_8_,2.0,9,False,2.8284271247461903,0.4168737161047815,14.560219778561036,1.0,1.0,0.0,14.493533040635745,14.467636296230287
keep/20260909_cnt_4_pos1__highmag_1_set1.png,20260909,cnt_4_pos1__highmag_1_,1.0,9,False,1.9039432764659772,0.5154866858177631,9.433981132056603,1.0,1.0,0.0,9.013878188659973,13.152946437965905
keep/20260909_cnt_4_pos1__highmag_2_set0.png,20260909,cnt_4_pos1__highmag_2_,0.0,9,False,2.2638462845343543,0.406774610617772,6.324555320336759,2.0,0.5,0.0,6.642665127793212,7.615773105863909
keep/20260909_cnt_4_pos1__highmag_2_set2.png,20260909,cnt_4_pos1__highmag_2_,2.0,9,False,2.1505813167606567,0.4171298894063705,8.48528137423857,1.0,1.5,0.0,9.017344398435716,9.154916711800277
keep/20260909_cnt_4_pos1__highmag_3_set1.png,20260909,cnt_4_pos1__highmag_3_,1.0,9,False,2.3717082451262845,0.6124487643735991,13.0,2.0,1.0,0.0,13.372079120316332,11.704699910719626
keep/20260909_cnt_4_pos1__highmag_4_set0.png,20260909,cnt_4_pos1__highmag_4_,0.0,9,False,2.23606797749979,0.7868099235094234,9.0,2.0,1.0,0.0,9.263503656824453,11.2305387226081
keep/20260909_cnt_4_pos1__highmag_4_set1.png,20260909,cnt_4_pos1__highmag_4_,1.0,9,False,1.5206906325745548,0.6352163122442984,9.0,1.0,1.0,0.0,9.25,14.2148689758295
keep/20260909_cnt_4_pos1__highmag_4_set2.png,20260909,cnt_4_pos1__highmag_4_,2.0,9,False,29.74579802257791,0.18822848149054497,5.0,2.0,0.7,7.801499843597412,5.0,8.503675675847475
keep/20260909_cnt_4_pos1__highmag_4_set3.png,20260909,cnt_4_pos1__highmag_4_,3.0,9,False,1.118033988749895,0.796973664220511,8.0,1.75,1.0,1.3693000078201294,7.5,9.394147114027968
keep/20260909_cnt_4_pos1__highmag_5_set0.png,20260909,cnt_4_pos1__highmag_5_,0.0,9,False,0.25,0.7891450546213192,12.36931687685298,1.0,0.8571428571428571,0.0,12.61199825562944,12.798925736170204
keep/20260909_cnt_4_pos1__highmag_5_set1.png,20260909,cnt_4_pos1__highmag_5_,1.0,9,False,1.2747548783981961,0.6023322713626282,14.866068747318506,1.0,1.0,0.0,15.110013236261576,14.391837964624255
keep/20260909_cnt_4_pos1__highmag_5_set2.png,20260909,cnt_4_pos1__highmag_5_,2.0,9,False,2.2638462845343543,0.7095049166582162,16.1245154965971,3.0,1.0,0.0,15.443445211480501,15.566390076058097
keep/20260909_cnt_4_pos1__highmag_5_set3.png,20260909,cnt_4_pos1__highmag_5_,3.0,9,False,2.1213203435596424,0.674802448586025,11.180339887498949,2.0,0.5,0.0,11.073617295175051,10.201102881551583
reject/20260623_1_pos1__highmag_1_set1.png,20260623,1_pos1__highmag_1_,1.0,1,True,4.031128874149275,0.582694773264399,5.277309986291679,0.75,0.7999999999999999,0.0,3.701351104664349,0.447213595499958
reject/20260623_1_pos1__highmag_5_set1.png,20260623,1_pos1__highmag_5_,1.0,5,True,2.0155644370746373,0.7633893438080785,1.104536101718726,1.0,1.0,2.738600015640259,0.8544003745317529,0.223606797749979
reject/20260623_2_pos1__highmag_4_set2.png,20260623,2_pos1__highmag_4_,2.0,1,True,3.2015621187164243,0.5698373096830726,0.5000000029802323,1.1428571428571428,0.875,0.0,0.360555127546399,0.28284271247461906
reject/20260623_2_pos1__highmag_6_set2.png,20260623,2_pos1__highmag_6_,2.0,7,True,5.667892024377317,0.3960793063288074,2.6172503693274587,0.7777777777777778,0.8999999999999999,18.34160041809082,0.22360679774997877,0.7071067811865475
reject/20260623_3_pos1__highmag_3_set1.png,20260623,3_pos1__highmag_3_,1.0,1,True,2.7950849718747373,0.4989610564835685,4.517742800747855,0.8636363636363636,1.1578947368421053,2.738600015640259,3.301514803843836,0.806225774829855
reject/20260623_3_pos1__highmag_3_set2.png,20260623,3_pos1__highmag_3_,2.0,1,True,2.5495097567963922,0.4053854440436555,15.576905616358541,0.5,0.75,2.865000009536743,5.821511831131154,2.8
reject/20260623_3_pos1__highmag_7_set1.png,20260623,3_pos1__highmag_7_,1.0,1,True,1.25,0.6107552820887794,0.30000000447034836,1.2,0.9090909090909091,0.9549999833106995,0.4472135954999581,0.28284271247461906
reject/20260623_4_pos1__highmag_3_set1.png,20260623,4_pos1__highmag_3_,1.0,3,True,2.1505813167606567,0.7455662288961422,3.099999952316284,1.0714285714285714,1.4000000000000001,0.0,0.6082762530298225,0.14142135623730953
reject/20260623_4_pos1__highmag_3_set2.png,20260623,4_pos1__highmag_3_,2.0,7,True,19.51441774688653,0.3457283307256929,25.88223328967373,1.32,0.45045045045045046,7.387199878692627,2.1023796041628633,0.30000000000000004
reject/20260623_4_pos1__highmag_6_set2.png,20260623,4_pos1__highmag_6_,2.0,1,True,1.2747548783981961,0.5753914993922015,0.9055385169403016,0.8484848484848485,0.9304511278195489,2.738600015640259,0.36055512754639896,0.608276253029822
reject/20260623_5_pos1__highmag_1_set1.png,20260623,5_pos1__highmag_1_,1.0,1,True,3.75,0.44169910704736276,3.101612530119835,0.8571428571428571,0.5833333333333334,0.0,35.43585754571208,21.100947846009195
reject/20260623_5_pos1__highmag_1_set2.png,20260623,5_pos1__highmag_1_,2.0,7,True,4.650268809434569,0.38418118024063846,33.39281359110542,3.909090909090909,0.38372093023255816,33.10015105705713,18.149655644116226,65.90690403895483
reject/20260623_5_pos1__highmag_2_set2.png,20260623,5_pos1__highmag_2_,2.0,1,True,3.2882366094914763,0.3820220091504257,41.24875756818389,0.4857142857142857,0.3012912482065997,42.539608001708984,24.798790293076795,3.818376618407356
reject/20260623_5_pos1__highmag_4_set2.png,20260623,5_pos1__highmag_4_,2.0,8,True,0.5590169943749475,0.4414559168915146,60.05813861544212,0.45161290322580644,0.96875,58.107513427734375,18.100276240985938,22.400223213173568
reject/20260623_5_pos1__highmag_6_set2.png,20260623,5_pos1__highmag_6_,2.0,1,True,4.981214711292819,0.5348630285942492,20.944211519325076,1.0,0.4230769230769231,7.801499843597412,8.0156097709407,0.316227766016838
reject/20260623_6_pos1__highmag_1_set2.png,20260623,6_pos1__highmag_1_,2.0,2,True,0.75,0.690434624229262,2.009975147354625,1.6666666666666667,0.8999999999999999,32.884300231933594,2.1000000000000014,0.447213595499958
reject/20260623_6_pos1__highmag_5_set2.png,20260623,6_pos1__highmag_5_,2.0,1,True,2.1213203435596424,0.7799431587663459,2.54950975930962,1.1875,1.1228070175438596,2.3243000507354736,0.5099019513592784,2.5019992006393608
reject/20260623_6_pos1__highmag_6_set1.png,20260623,6_pos1__highmag_6_,1.0,9,False,1.2747548783981961,0.6527989676836866,0.6000000044703484,1.525,0.774962742175857,0.0,0.4,0.14142135623730953
reject/20260909_AP5_11_pos1__highmag_1_set0.png,20260909,AP5_11_pos1__highmag_1_,0.0,9,False,1.9525624189766635,0.6228084435051963,2.0,2.0,1.0833333333333333,0.0,1.5811388300841898,3.3541019662496847
reject/20260909_AP5_11_pos1__highmag_2_set0.png,20260909,AP5_11_pos1__highmag_2_,0.0,3,True,2.850438562747845,0.7884581997995602,2.23606797749979,1.5,0.8888888888888888,2.3243000507354736,2.23606797749979,4.596194077712559
reject/20260909_AP5_11_pos1__highmag_3_set0.png,20260909,AP5_11_pos1__highmag_3_,0.0,5,True,1.0,0.673699291107776,4.47213595499958,2.5,0.6,1.909999966621399,3.913118960624632,4.75
reject/20260909_AP5_11_pos1__highmag_4_set0.png,20260909,AP5_11_pos1__highmag_4_,0.0,3,True,3.5089172119045497,0.7273321206329789,6.0,1.2,1.0,1.909999966621399,5.50567888638631,5.315072906367325
reject/20260909_AP5_11_pos1__highmag_5_set0.png,20260909,AP5_11_pos1__highmag_5_,0.0,4,True,1.7677669529663689,0.7696136862283739,4.0,1.3125,1.1428571428571428,0.0,4.2793106921559225,4.257346591481601
reject/20260909_AP5_11_pos1__highmag_6_set0.png,20260909,AP5_11_pos1__highmag_6_,0.0,3,True,2.358495283014151,0.6935485022981701,3.0,1.9166666666666667,1.093167701863354,0.9549999833106995,2.7950849718747373,4.0
reject/20260909_AP5_11_pos1__highmag_7_set0.png,20260909,AP5_11_pos1__highmag_7_,0.0,9,False,2.2638462845343543,0.8453810604197807,3.605551275463989,2.0,1.0,0.0,3.69120576505835,4.5
reject/20260909_AP5_11_pos1__highmag_8_set0.png,20260909,AP5_11_pos1__highmag_8_,0.0,3,True,2.9154759474226504,0.6618934373102381,4.123105625617661,1.5,1.0,0.0,4.2793106921559225,3.5089172119045497
reject/20260909_AP5_12_pos1__highmag_1_set1.png,20260909,AP5_12_pos1__highmag_1_,1.0,1,True,4.16082924427331,0.672823861290962,4.47213595499958,1.6666666666666667,0.6,1.3693000078201294,4.5069390943299865,4.5069390943299865
reject/20260909_AP5_12_pos1__highmag_1_set3.png,20260909,AP5_12_pos1__highmag_1_,3.0,1,True,2.0155644370746373,0.45478198629605415,4.47213595499958,1.0,0.6666666666666666,2.738600015640259,3.8078865529319543,4.25
reject/20260909_AP5_12_pos1__highmag_3_set0.png,20260909,AP5_12_pos1__highmag_3_,0.0,1,True,3.3634060117684275,0.7348637131827842,12.206555615733702,0.8,0.7499999999999999,2.865000009536743,12.759800155174846,9.572094859538323
reject/20260909_AP5_12_pos1__highmag_3_set1.png,20260909,AP5_12_pos1__highmag_3_,1.0,7,True,1.2747548783981961,0.32667273823422355,4.0,1.3333333333333333,0.75,6.558599948883057,4.5,5.755432216610669
reject/20260909_AP5_12_pos1__highmag_3_set2.png,20260909,AP5_12_pos1__highmag_3_,2.0,7,True,4.527692569068709,0.278194412492004,12.165525060596439,0.5,1.0,7.099299907684326,12.374368670764582,6.519202405202649
reject/20260909_AP5_12_pos1__highmag_4_set2.png,20260909,AP5_12_pos1__highmag_4_,2.0,9,False,6.600189391222043,0.41117516540222077,8.06225774829855,2.380952380952381,0.49411764705882355,2.3243000507354736,8.514693182963201,8.253787009609589
reject/20260909_AP5_12_pos1__highmag_4_set3.png,20260909,AP5_12_pos1__highmag_4_,3.0,9,False,6.932712311931024,0.46666159626774495,4.0,0.7407407407407407,0.5940000000000001,3.819999933242798,4.00780488547035,5.50567888638631
reject/20260909_AP5_12_pos1__highmag_5_set2.png,20260909,AP5_12_pos1__highmag_5_,2.0,1,True,3.7165171868296265,0.4907096865082541,8.0,1.5,0.6666666666666666,0.0,7.5,7.00446286306095
reject/20260909_AP5_12_pos1__highmag_5_set3.png,20260909,AP5_12_pos1__highmag_5_,3.0,1,True,1.9039432764659772,0.47081050827246385,6.324555320336759,0.5454545454545454,0.9166666666666667,0.0,6.254998001598402,6.504805915628844
reject/20260909_AP5_12_pos1__highmag_6_set0.png,20260909,AP5_12_pos1__highmag_6_,0.0,9,False,2.6100766272276377,0.5692416283275165,8.06225774829855,1.3333333333333333,0.5,0.0,7.603453162872775,8.1891696770796
reject/20260909_AP5_12_pos1__highmag_6_set1.png,20260909,AP5_12_pos1__highmag_6_,1.0,2,True,1.6770509831248424,0.7938202700892147,10.0,2.0,0.6666666666666666,9.297200202941895,9.75320460156558,11.75
reject/20260909_AP5_12_pos1__highmag_6_set2.png,20260909,AP5_12_pos1__highmag_6_,2.0,1,True,3.2015621187164243,0.7853444593442477,6.0,0.6666666666666666,1.125,0.0,5.75,6.5
reject/20260909_AP5_13_pos1__highmag_1_set0.png,20260909,AP5_13_pos1__highmag_1_,0.0,1,True,6.0878978309429606,0.23956455413854041,7.0,2.4,0.3125,9.837900161743164,7.00446286306095,8.00390529679106
reject/20260909_AP5_13_pos1__highmag_1_set1.png,20260909,AP5_13_pos1__highmag_1_,1.0,7,True,57.98706752371601,0.0308828833156912,6.0,2.0,0.5,6.972899913787842,5.5,6.020797289396148
reject/20260909_AP5_13_pos1__highmag_1_set2.png,20260909,AP5_13_pos1__highmag_1_,2.0,7,True,18.26540445760783,0.12743031873481034,21.587033144922902,1.0,0.5,16.143699645996094,21.830311495716227,11.294356998076518
reject/20260909_AP5_13_pos1__highmag_2_set0.png,20260909,AP5_13_pos1__highmag_2_,0.0,8,True,1.9039432764659772,0.4234618356340035,9.219544457292887,1.0,0.5,0.9549999833106995,9.12414379544733,8.0156097709407
reject/20260909_AP5_13_pos1__highmag_2_set1.png,20260909,AP5_13_pos1__highmag_2_,1.0,8,True,2.25,0.19638937062009718,60.37383539249432,1.0588235294117647,0.6296296296296295,15.153599739074707,60.486568757038945,4.981214711292819
reject/20260909_AP5_13_pos1__highmag_2_set2.png,20260909,AP5_13_pos1__highmag_2_,2.0,8,True,36.25775779057497,0.09949378962655742,54.70831746635972,,,22.44950294494629,54.631149539434006,6.174544517614234
reject/20260909_AP5_13_pos1__highmag_2_set3.png,20260909,AP5_13_pos1__highmag_2_,3.0,8,True,63.250494069216565,0.24180813649823701,69.77822009767804,1.0,1.0,53.964515686035156,69.67110233088034,15.88238017426859
reject/20260909_AP5_13_pos1__highmag_5_set0.png,20260909,AP5_13_pos1__highmag_5_,0.0,8,True,2.2638462845343543,0.3121790387024347,10.198039027185569,1.5,0.6666666666666666,0.0,10.307764064044152,8.503675675847475
reject/20260909_AP5_13_pos1__highmag_5_set1.png,20260909,AP5_13_pos1__highmag_5_,1.0,8,True,2.0,0.19315488834373562,7.211102550927978,0.6666666666666666,1.5,8.595000267028809,7.766112283504533,5.5901699437494745
reject/20260909_AP5_13_pos1__highmag_5_set2.png,20260909,AP5_13_pos1__highmag_5_,2.0,8,True,52.95339932431156,0.05526359203414985,64.66065264130884,0.5,1.0,8.215800285339355,64.52954749570154,22.75137358490691
reject/20260909_AP5_13_pos1__highmag_5_set3.png,20260909,AP5_13_pos1__highmag_5_,3.0,8,True,9.56882960450232,0.1271723487517123,50.47771785649585,0.5,1.0,8.34220027923584,50.4095725036426,14.870272357963051
reject/20260909_AP5_13_pos1__highmag_6_set0.png,20260909,AP5_13_pos1__highmag_6_,0.0,8,True,2.7950849718747373,0.4552390262717625,8.0,0.6666666666666666,0.6000000000000001,3.2792999744415283,8.25,8.0
reject/20260909_AP5_13_pos1__highmag_6_set1.png,20260909,AP5_13_pos1__highmag_6_,1.0,8,True,4.650268809434569,0.3856954452841584,8.0,1.0,1.0,0.0,7.754031209635412,7.00446286306095
reject/20260909_AP5_13_pos1__highmag_6_set2.png,20260909,AP5_13_pos1__highmag_6_,2.0,8,True,2.9261749776799064,0.39815709206299055,16.1245154965971,2.0,0.25,2.865000009536743,16.3783393541592,16.44878414959598
reject/20260909_AP5_13_pos1__highmag_6_set3.png,20260909,AP5_13_pos1__highmag_6_,3.0,9,False,2.3048861143232218,0.2363869279537055,16.97056274847714,1.25,0.6857142857142857,1.3693000078201294,16.441183047457383,15.700318468107582
reject/20260909_AP5_13_pos1__highmag_7_set0.png,20260909,AP5_13_pos1__highmag_7_,0.0,8,True,12.747548783981962,0.2025827590688349,7.280109889280518,1.6666666666666667,0.6,31.079608917236328,7.352720584926371,3.010398644698074
reject/20260909_AP5_13_pos1__highmag_7_set1.png,20260909,AP5_13_pos1__highmag_7_,1.0,8,True,63.89150960808486,0.16863259518098536,71.58910531638176,1.0,0.0,26.97170639038086,71.38101988624148,7.2886898685566255
reject/20260909_AP5_13_pos1__highmag_7_set2.png,20260909,AP5_13_pos1__highmag_7_,2.0,7,True,63.29000711012758,0.03874872470707626,128.08200498118384,1.0,1.0,39.35160446166992,128.08200498118384,14.467636296230287
reject/20260909_AP5_14_pos1__highmag_1_set0.png,20260909,AP5_14_pos1__highmag_1_,0.0,2,True,3.181980515339464,0.35297300612159643,11.0,1.0,1.0,5.062900066375732,11.261105629555209,30.01666203960727
reject/20260909_AP5_14_pos1__highmag_2_set0.png,20260909,AP5_14_pos1__highmag_2_,0.0,2,True,23.923053734839122,0.3186087825225125,80.32434251209281,2.0,0.5,14.233699798583984,80.5609241506079,10.286520305720492
reject/20260909_AP5_14_pos1__highmag_2_set1.png,20260909,AP5_14_pos1__highmag_2_,1.0,1,True,2.7613402542968153,0.19901928754158663,55.97320787662612,0.5,1.0,11.495100021362305,56.13877893221405,7.254309064273454
reject/20260909_AP5_14_pos1__highmag_2_set2.png,20260909,AP5_14_pos1__highmag_2_,2.0,7,True,62.49249954994599,0.158337306794523,36.05551275463989,,,10.666500091552734,36.139486714672636,28.25
reject/20260909_AP5_14_pos1__highmag_3_set1.png,20260909,AP5_14_pos1__highmag_3_,1.0,1,True,14.534441853748634,0.47314069503712736,36.76955262170047,1.6666666666666667,0.7999999999999999,15.602999687194824,37.476659402887016,7.988272654335229
reject/20260909_AP5_14_pos1__highmag_3_set2.png,20260909,AP5_14_pos1__highmag_3_,2.0,7,True,50.77216264844349,0.14699180148427407,67.17886572427373,,,30.34229850769043,66.6638020217869,33.421549934136806
reject/20260909_AP5_14_pos1__highmag_4_set0.png,20260909,AP5_14_pos1__highmag_4_,0.0,9,False,0.5590169943749475,0.7158632313127412,10.0,1.0,0.5,7.387199878692627,10.25,10.02808556006579
reject/20260909_AP5_14_pos1__highmag_4_set2.png,20260909,AP5_14_pos1__highmag_4_,2.0,1,True,2.75,0.589181893788103,22.0,1.0,0.4,0.0,22.0014204086918,22.289291150684896
reject/20260909_AP5_14_pos1__highmag_5_set0.png,20260909,AP5_14_pos1__highmag_5_,0.0,7,True,2.850438562747845,0.2975111937319318,10.198039027185569,1.0,1.0,3.6935999393463135,9.82980162566875,10.077822185373186
reject/20260909_AP5_14_pos1__highmag_5_set1.png,20260909,AP5_14_pos1__highmag_5_,1.0,1,True,2.1505813167606567,0.48749025734233903,12.165525060596439,1.0,1.0,0.0,12.093386622447824,11.138334704972731
reject/20260909_AP5_14_pos1__highmag_5_set2.png,20260909,AP5_14_pos1__highmag_5_,2.0,1,True,2.9154759474226504,0.48707142367193396,10.0,1.0,0.0,0.0,9.503288904374106,10.077822185373186
reject/20260909_cnt_2_pos1__highmag_1_set1.png,20260909,cnt_2_pos1__highmag_1_,1.0,9,False,1.7677669529663689,0.6340100117111871,7.615773105863909,2.0,0.6,1.909999966621399,7.615773105863909,6.823672031978091
reject/20260909_cnt_2_pos1__highmag_1_set2.png,20260909,cnt_2_pos1__highmag_1_,2.0,8,True,2.5,0.591052395279108,6.324555320336759,1.0,1.0,17.351499557495117,6.562202374203344,4.5069390943299865
reject/20260909_cnt_2_pos1__highmag_2_set2.png,20260909,cnt_2_pos1__highmag_2_,2.0,1,True,1.25,0.8140377214745349,6.0,1.0,0.5,0.9549999833106995,6.269968101992227,6.0878978309429606
reject/20260909_cnt_2_pos1__highmag_3_set1.png,20260909,cnt_2_pos1__highmag_3_,1.0,1,True,4.257346591481601,0.4612641966332881,8.0,1.0,0.6666666666666666,12.323699951171875,8.253787009609589,7.632168761236874
reject/20260909_cnt_2_pos1__highmag_4_set2.png,20260909,cnt_2_pos1__highmag_4_,2.0,2,True,8.845903006477066,0.4253934354033569,9.055385138137417,0.7142857142857143,0.6588235294117647,8.88290023803711,8.806957476904268,8.503675675847475
reject/20260909_cnt_2_pos1__highmag_6_set2.png,20260909,cnt_2_pos1__highmag_6_,2.0,9,False,0.9013878188659973,0.5035930172116819,12.165525060596439,0.4444444444444444,0.84375,0.0,12.20911544707478,11.816302298096474
reject/20260909_cnt_2_pos1__highmag_7_set1.png,20260909,cnt_2_pos1__highmag_7_,1.0,1,True,1.7677669529663689,0.3522096267048463,8.48528137423857,1.0,1.0,0.0,8.31038506929733,8.253787009609589
reject/20260909_cnt_2_pos1__highmag_8_set3.png,20260909,cnt_2_pos1__highmag_8_,3.0,7,True,1.8027756377319946,0.4408487864753925,18.110770276274835,1.8,0.4444444444444445,4.234300136566162,18.560711193270585,15.331748106461964
reject/20260909_cnt_3_pos1__highmag_1_set3.png,20260909,cnt_3_pos1__highmag_1_,3.0,9,False,2.3717082451262845,0.5977655868091547,8.06225774829855,2.0,0.5,0.9549999833106995,8.00390529679106,35.608987629529715
reject/20260909_cnt_3_pos1__highmag_2_set0.png,20260909,cnt_3_pos1__highmag_2_,0.0,1,True,1.7677669529663689,0.57999954811039,7.211102550927978,1.0,1.0,6.558599948883057,7.3824115301167,6.73145600891813
reject/20260909_cnt_3_pos1__highmag_2_set2.png,20260909,cnt_3_pos1__highmag_2_,2.0,4,True,1.118033988749895,0.4394889075175936,12.649110640673518,1.3333333333333333,0.75,2.3243000507354736,12.649110640673518,13.306483382171264
reject/20260909_cnt_3_pos1__highmag_2_set3.png,20260909,cnt_3_pos1__highmag_2_,3.0,5,True,1.6770509831248424,0.5544476131915448,8.246211251235321,1.0,0.7142857142857143,1.3693000078201294,8.620469824783333,7.318640584152224
reject/20260909_cnt_3_pos1__highmag_3_set1.png,20260909,cnt_3_pos1__highmag_3_,1.0,1,True,1.9525624189766635,0.7462356962727283,9.433981132056603,1.0,0.5,3.6935999393463135,9.56882960450232,8.48528137423857
reject/20260909_cnt_3_pos1__highmag_4_set2.png,20260909,cnt_3_pos1__highmag_4_,2.0,1,True,2.0615528128088303,0.49379381696218594,14.866068747318506,1.0,0.5,0.0,14.630874888399532,14.162009038268547
reject/20260909_cnt_3_pos1__highmag_5_set2.png,20260909,cnt_3_pos1__highmag_5_,2.0,2,True,2.75,0.7774811955920577,13.601470508735444,2.0,0.5,0.9549999833106995,13.290033860002012,7.25
reject/20260909_cnt_3_pos1__highmag_5_set3.png,20260909,cnt_3_pos1__highmag_5_,3.0,1,True,1.0,0.6263573671747577,7.211102550927978,0.5,0.8888888888888888,0.9549999833106995,6.656763477847174,6.041522986797286
reject/20260909_cnt_3_pos1__highmag_6_set2.png,20260909,cnt_3_pos1__highmag_6_,2.0,5,True,1.0307764064044151,0.547400394777286,15.524174696260024,0.8125,0.7692307692307693,0.9549999833106995,15.765865025427562,15.574418127172521
reject/20260909_cnt_3_pos1__highmag_6_set3.png,20260909,cnt_3_pos1__highmag_6_,3.0,4,True,3.020761493398643,0.5419103285371873,7.211102550927978,0.75,1.0666666666666667,2.738600015640259,7.163274390947201,7.25
reject/20260909_cnt_3_pos1__highmag_7_set3.png,20260909,cnt_3_pos1__highmag_7_,3.0,9,False,2.6575364531836625,0.5759184313778278,8.94427190999916,0.6666666666666666,1.3125,4.648600101470947,9.058835465996719,18.0
reject/20260909_cnt_3_pos1__highmag_8_set1.png,20260909,cnt_3_pos1__highmag_8_,1.0,2,True,1.0606601717798212,0.5555610723702485,12.649110640673518,1.0,0.6666666666666666,9.423600196838379,13.050383136138187,12.41219158730641
reject/20260909_cnt_4_pos1__highmag_1_set0.png,20260909,cnt_4_pos1__highmag_1_,0.0,4,True,2.23606797749979,0.38633117749949647,5.0990195135927845,1.6666666666666667,1.2,0.9549999833106995,5.3967582862307255,7.215434844830906
reject/20260909_cnt_4_pos1__highmag_1_set2.png,20260909,cnt_4_pos1__highmag_1_,2.0,1,True,1.8200274723201295,0.41509071357521665,7.810249675906654,0.8333333333333334,0.72,1.909999966621399,7.9726093595509875,8.162413858657255
reject/20260909_cnt_4_pos1__highmag_1_set3.png,20260909,cnt_4_pos1__highmag_1_,3.0,1,True,1.25,0.45917318560544135,8.54400374531753,0.5,1.0,6.432199954986572,8.31038506929733,6.45174395028197
reject/20260909_cnt_4_pos1__highmag_2_set1.png,20260909,cnt_4_pos1__highmag_2_,1.0,1,True,3.758324094593227,0.3661833646042634,11.704699910719626,1.0,1.0,0.0,11.792476415070755,10.977249200050075
reject/20260909_cnt_4_pos1__highmag_3_set0.png,20260909,cnt_4_pos1__highmag_3_,0.0,5,True,1.6007810593582121,0.6021393122268885,10.44030650891055,2.0,0.5,0.9549999833106995,10.793516572461451,10.003124511871277
reject/20260909_cnt_4_pos1__highmag_3_set2.png,20260909,cnt_4_pos1__highmag_3_,2.0,2,True,1.4142135623730951,0.5763169812500168,11.661903789690601,1.0,0.5,0.9549999833106995,12.137236093938355,14.545188207788856
reject/20260909_cnt_4_pos1__highmag_3_set3.png,20260909,cnt_4_pos1__highmag_3_,3.0,1,True,1.5206906325745548,0.5302242862384808,6.4031242374328485,1.0,1.0,11.08080005645752,6.4031242374328485,7.945124291035352
reject/20260909_cnt_4_pos1__highmag_6_set0.png,20260909,cnt_4_pos1__highmag_6_,0.0,1,True,56.285544325341654,0.49174288192346083,7.0,1.0,0.5714285714285714,9.550000190734863,6.75,10.914439976471536
reject/20260909_cnt_4_pos1__highmag_6_set1.png,20260909,cnt_4_pos1__highmag_6_,1.0,1,True,3.132491021535417,0.6882959764262853,3.0,1.0,1.0,6.432199954986572,2.75,15.524174696260024
reject/20260909_cnt_4_pos1__highmag_7_set0.png,20260909,cnt_4_pos1__highmag_7_,0.0,2,True,2.1360009363293826,0.872752630701764,15.297058540778355,2.0,0.25,7.387199878692627,15.348045478170828,11.096170510586074
reject/20260909_cnt_4_pos1__highmag_7_set1.png,20260909,cnt_4_pos1__highmag_7_,1.0,8,True,62.542485559817656,0.037864745086061975,14.560219778561036,1.0,0.5,0.0,14.67353059082919,26.40075756488817
reject/20260909_cnt_4_pos1__highmag_7_set2.png,20260909,cnt_4_pos1__highmag_7_,2.0,9,False,6.373774391990981,0.32419578081918515,11.0,1.0,0.8,0.9549999833106995,11.002840542332693,16.221128197508335
