panel,y
left,1.178819870375347
left,0.7054533981978064
left,0.6709561227708101
left,0.5338274490457002
left,0.5108430279960408
left,0.4641433521149958
left,0.45679090907667896
left,0.42020742035188674
left,0.2852147321620331
left,0.04497752855636783
left,0.033832032068851436
left,0.025684144568677958
left,0.022658039657559748
left,0.002225634875957283
left,-0.005235300759857342
left,-0.05851176895536114
left,-0.11806673630208264
left,-0.14230241157535795
left,-0.13973602715468725
left,-0.1778172715041484
left,-0.3054548874952048
mid,2.819610494000966
mid,2.589049291583832
mid,1.4523951683931084
mid,1.4214080392044868
mid,1.3616912977096807
mid,1.0935359787126402
mid,1.0749649561458086
mid,0.8162363886318964
mid,0.7988553114231896
mid,0.7979371584033461
mid,0.8003960738643574
mid,0.6273508530504368
mid,0.6427808206244667
mid,0.609306611012491
mid,0.5694453348412285
mid,0.5277403978292821
mid,0.5361237925936169
mid,0.46479022311533136
mid,0.4335536764158481
mid,0.4311443170279867
mid,0.4070880854854213
mid,0.3685609888887793
mid,0.32300492903502853
mid,0.3173515053411986
mid,0.3069418724313415
mid,0.2889262784803246
mid,0.2942072907082678
mid,0.26978348732983903
mid,0.22119569250304183
mid,0.20394778134303548
mid,0.1850124339471737
mid,0.1881506918706486
mid,0.1566025082938558
mid,0.1525970965844219
mid,0.12328600453249994
mid,0.09473823177073548
mid,0.09348674948053759
mid,0.0920194799924241
mid,0.06021304460311416
mid,0.06026610090492124
mid,0.029138386751762724
mid,0.011092769897101729
mid,-0.004985693967084703
mid,-0.02182376982833345
mid,-0.03889130137621688
mid,-0.1027784176636164
mid,-0.11620164826176271
mid,-0.11943508727250851
mid,-0.27637973647615066
right,1.6558261038462112
right,1.130910522142722
right,0.46074112220094166
right,0.4406495810121904
right,0.44182662453082644
right,0.24806305086357194
right,0.23372889845087297
